{
  "version" : "1.0",
  "categories" : [ "general" ],
  "pools" : [ {
    "name" : "tf_uncommon_items",
    "rolls" : 1,
    "entries" : [ {
      "type" : "loot_table",
      "name" : "twilightforest:structures/hill_2",
      "weight" : 1
    }, {
      "type" : "loot_table",
      "name" : "twilightforest:structures/hedge_maze",
      "weight" : 1
    }, {
      "type" : "loot_table",
      "name" : "twilightforest:entities/blockchain_goblin",
      "weight" : 1
    }, {
      "type" : "loot_table",
      "name" : "twilightforest:entities/carminite_golem",
      "weight" : 1
    } ]
  } ]
}